fold,accuracy,f1_score
1,0.6,0.6031746031746031
2,0.6333333333333333,0.6306935817805382
3,0.5172413793103449,0.45939393939393947
4,0.5172413793103449,0.48740740740740734
5,0.6206896551724138,0.591358024691358
