class,samples,accuracy,f1_score,avg_confidence,avg_length
bb,14,0.5714285714285714,0.48484848484848486,0.03044684616918177,263.85714285714283
jg,12,0.5,0.6,0.026406171979084153,246.5
stand,19,0.631578947368421,0.6486486486486487,0.03263586414514352,341.42105263157896
